VentaID,Fecha,ProductoID,Precio,Cantidad,Sucursal
V001,2026-01-01,P01,1500,4,Centro
V002,2026-01-02,P02,500,4,Norte
V003,2026-01-03,P03,1200,7,Sur
V004,2026-01-04,P04,800,1,Centro
V005,2026-01-05,P05,600,3,Norte
V006,2026-01-06,P01,1500,8,Sur
V007,2026-01-07,P02,500,1,Centro
V008,2026-01-08,P03,1200,,Norte
V009,2026-01-09,P04,800,7,Sur
V010,2026-01-10,P05,600,4,Centro
V011,2026-01-11,P01,1500,7,Norte
V012,2026-01-12,P02,500,4,Sur
V013,2026-01-13,P03,1200,1,Centro
V014,2026-01-14,P04,800,4,Norte
V015,2026-01-15,P05,600,3,Sur
V016,2026-01-16,P01,1500,3,Centro
V017,2026-01-17,P02,500,4,Norte
V018,2026-01-18,P03,1200,8,Sur
V019,2026-01-19,P04,800,7,Centro
V020,2026-01-20,P05,600,6,Norte
V021,2026-01-21,P01,1500,4,Sur
V022,2026-01-22,P02,500,sin dato,Centro
V023,2026-01-23,P03,1200,1,Norte
V024,2026-01-24,P04,800,5,Sur
V025,2026-01-25,P05,600,2,Centro
V026,2026-01-26,P01,1500,1,Norte
V027,2026-01-27,P02,500,1,Sur
V028,2026-01-28,P03,1200,8,Centro
V029,2026-01-29,P04,800,6,Norte
V030,2026-01-30,P05,600,6,Sur
V031,fecha pendiente,P01,1500,7,Centro
V032,2026-02-01,P02,500,7,Norte
V033,2026-02-02,P03,1200,4,Sur
V034,2026-02-03,P04,800,1,Centro
V035,2026-02-04,P05,600,5,Norte
V036,2026-02-05,P01,1500,4,Sur
V037,2026-02-06,P02,500,7,Centro
V038,2026-02-07,P03,1200,7,Norte
V039,2026-02-08,P04,800,3,Sur
V040,2026-02-09,P05,600,1,Centro
V041,2026-02-10,P01,1500,2,Norte
V042,2026-02-11,P02,500,2,Sur
V043,2026-02-12,P03,1200,3,Centro
V044,2026-02-13,P04,800,1,Norte
V045,2026-02-14,P05,600,1,Sur
V046,2026-02-15,P99,1500,7,Centro
V047,2026-02-16,P02,500,4,Norte
V048,2026-02-17,P03,1200,6,Sur
V049,2026-02-18,P04,800,2,Centro
V050,2026-02-19,P05,600,6,Norte
V051,2026-02-20,P01,1500,2,Sur
V052,2026-02-21,P02,500,7,Centro
V053,2026-02-22,P03,1200,1,Norte
V054,2026-02-23,P04,800,7,Sur
V055,2026-02-24,P05,600,8,Centro
V056,2026-02-25,P01,1500,2,Norte
V057,2026-02-26,P02,500,1,Sur
V058,2026-02-27,P03,1200,6,Centro
V059,2026-02-28,P04,800,2,Norte
V060,2026-03-01,P05,600,4,Sur
V061,2026-01-01,P01,-500,2,Centro
V062,2026-01-02,P02,500,3,Norte
V063,2026-01-03,P03,1200,5,Sur
V064,2026-01-04,P04,800,6,Centro
V065,2026-01-05,P05,600,7,Norte
V066,2026-01-06,P01,1500,6,Sur
V067,2026-01-07,P02,500,8,Centro
V068,2026-01-08,P03,1200,7,Norte
V069,2026-01-09,P04,800,1,Sur
V070,2026-01-10,P05,600,1,Centro
V071,2026-01-11,P01,1500,3,Norte
V072,2026-01-12,P02,500,1,Sur
V073,2026-01-13,P03,1200,2,Centro
V074,2026-01-14,P04,800,8,Norte
V075,2026-01-15,P05,600,1,Sur
V076,2026-01-16,P01,1500,3,Centro
V077,2026-01-17,P02,500,1,Norte
V078,2026-01-18,P03,1200,1,Sur
V079,2026-01-19,P04,800,7,Centro
V080,2026-01-20,P05,600,1,Norte
V081,2026-01-21,P01,1500,5, norte 
V082,2026-01-22,P02,500,7,Centro
V083,2026-01-23,P03,1200,3,Norte
V084,2026-01-24,P04,800,2,Sur
V085,2026-01-25,P05,600,5,Centro
V086,2026-01-26,P01,1500,3,Norte
V087,2026-01-27,P02,500,2,Sur
V088,2026-01-28,P03,1200,2,Centro
V089,2026-01-29,P04,800,1,Norte
V090,2026-01-30,P05,600,1,Sur
V091,2026-01-31,P01,1500,7,Centro
V092,2026-02-01,P02,500,1,Norte
V093,2026-02-02,P03,1200,5,Sur
V094,2026-02-03,P04,800,8,Centro
V095,2026-02-04,P05,600,6,Norte
V096,2026-02-05,P01,1500,7,Sur
V097,2026-02-06,P02,500,1,Centro
V098,2026-02-07,P03,1200,2,Norte
V099,2026-02-08,P04,800,2,Sur
V100,2026-02-09,P05,600,4,Centro
V101,2026-02-10,P01,1500,8,Norte
V102,2026-02-11,P02,500,4,Sur
V103,2026-02-12,P03,1200,5,Centro
V104,2026-02-13,P04,800,4,Norte
V105,2026-02-14,P05,600,3,Sur
V106,2026-02-15,P01,1500,7,Centro
V107,2026-02-16,P02,500,7,Norte
V108,2026-02-17,P03,1200,6,Sur
V109,2026-02-18,P04,800,2,Centro
V110,2026-02-19,P05,600,2,Norte
V111,2026-02-20,P01,1500,3,Sur
V112,2026-02-21,P02,500,1,Centro
V113,2026-02-22,P03,1200,1,Norte
V114,2026-02-23,P04,800,3,Sur
V115,2026-02-24,P05,600,7,Centro
V116,2026-02-25,P01,1500,4,Norte
V117,2026-02-26,P02,500,6,Sur
V118,2026-02-27,P03,1200,2,Centro
V119,2026-02-28,P04,800,4,Norte
V120,2026-03-01,P05,600,5,Sur
V013,2026-01-13,P03,1200,1,Centro
